{
  "code_math": {
    "generalist_acc": 0.0,
    "specialist_acc": 1.0,
    "gap": 1.0,
    "n_tasks": 5
  },
  "web": {
    "generalist_acc": 0.3333333333333333,
    "specialist_acc": 1.0,
    "gap": 0.6666666666666667,
    "n_tasks": 3
  },
  "vision": {
    "generalist_acc": 0.1,
    "specialist_acc": 0.9,
    "gap": 0.8,
    "n_tasks": 10
  },
  "overall": {
    "generalist": 0.1111111111111111,
    "specialist": 0.9444444444444444,
    "gap": 0.8333333333333333
  }
}