{
  "test": "Fisher exact test",
  "generalist": {
    "correct": 2,
    "wrong": 16,
    "accuracy": 0.1111111111111111
  },
  "specialist": {
    "correct": 17,
    "wrong": 1,
    "accuracy": 0.9444444444444444
  },
  "odds_ratio": 0.007352941176470588,
  "p_value": 6.44838870887137e-07,
  "cohens_h": 1.9860365850211326,
  "interpretation": "Highly significant, large effect size"
}